JobRole,OverTime,MaritalStatus,Age,JobInvolvement,YearsWithCurrManager,StockOptionLevel,YearsAtCompany,YearsInCurrentRole,TotalWorkingYears,JobSatisfaction,MonthlyIncome,Attrition (Actual),PredictedAttrition,Probability
Sales Executive,No,Married,42,3,8,1,20,4,23,2,13525,0.0,1.0,0.5667
Sales Executive,Yes,Married,40,1,2,3,4,3,6,4,7457,0.0,0.0,0.3533
Laboratory Technician,No,Single,36,3,7,0,8,1,8,4,2153,0.0,0.0,0.3667
Research Director,No,Single,32,3,7,0,7,7,10,4,11159,0.0,0.0,0.4333
Sales Executive,No,Married,25,2,3,0,5,2,5,1,4256,0.0,1.0,0.5867
Research Director,No,Single,42,3,0,0,1,0,16,4,15992,0.0,0.0,0.26
Healthcare Representative,Yes,Married,31,3,5,2,9,7,10,4,5855,0.0,0.0,0.3267
Research Scientist,Yes,Divorced,38,1,9,3,13,11,17,4,5329,0.0,0.0,0.3067
Healthcare Representative,No,Single,39,2,10,0,20,7,20,3,4553,0.0,0.0,0.4267
Research Director,No,Married,54,3,2,1,4,2,24,1,19406,0.0,1.0,0.5533
Manager,No,Married,49,2,0,1,1,0,23,3,18711,0.0,0.0,0.3467
Research Scientist,Yes,Married,24,4,4,2,6,5,6,4,2725,0.0,0.0,0.32
Manufacturing Director,No,Single,40,3,13,0,20,6,22,3,13237,0.0,0.0,0.4
Sales Executive,No,Single,41,3,10,0,14,3,16,4,6230,0.0,0.0,0.48
Sales Executive,Yes,Married,32,2,9,0,13,12,13,2,5228,0.0,0.0,0.36
Manager,Yes,Divorced,39,2,2,2,19,9,21,2,17123,0.0,0.0,0.3
Human Resources,No,Married,59,3,2,0,2,2,7,3,2267,0.0,0.0,0.4267
Healthcare Representative,Yes,Married,36,3,11,1,16,8,17,4,6586,0.0,0.0,0.3267
Laboratory Technician,No,Divorced,30,3,9,3,10,7,10,3,3491,0.0,0.0,0.42
Human Resources,No,Married,38,4,0,1,7,6,7,3,2844,0.0,1.0,0.62
Research Scientist,Yes,Divorced,31,3,2,1,2,2,3,4,2695,0.0,0.0,0.1067
Sales Executive,No,Single,36,3,0,0,1,0,7,4,6653,0.0,0.0,0.3067
Manufacturing Director,Yes,Married,32,3,8,1,9,8,9,4,6162,0.0,0.0,0.2933
Sales Executive,No,Married,28,3,4,0,5,4,5,3,4221,0.0,1.0,0.5733
Sales Representative,No,Married,50,3,2,1,2,2,4,2,3875,0.0,0.0,0.3867
Healthcare Representative,No,Divorced,39,4,7,3,18,10,19,4,9613,0.0,0.0,0.46
Laboratory Technician,No,Married,35,4,3,1,5,4,6,2,2426,0.0,1.0,0.52
Sales Executive,No,Married,32,3,3,1,10,8,10,2,6524,0.0,1.0,0.5667
Healthcare Representative,No,Married,30,2,8,3,11,10,11,4,4152,0.0,0.0,0.5
Manufacturing Director,No,Single,38,2,8,0,9,7,10,3,9526,0.0,0.0,0.4
Sales Representative,No,Single,21,3,2,0,3,2,3,3,3447,0.0,0.0,0.2133
Manufacturing Director,No,Single,35,3,6,0,8,5,17,3,10221,0.0,0.0,0.4
Manufacturing Director,No,Divorced,26,3,4,1,6,5,6,2,6397,0.0,0.0,0.46
Laboratory Technician,No,Married,32,3,7,1,8,0,8,2,2370,0.0,0.0,0.4867
Sales Executive,No,Single,32,3,8,0,10,7,10,4,5396,0.0,0.0,0.4333
Research Scientist,No,Divorced,34,2,7,1,7,3,14,3,2768,0.0,1.0,0.5333
Manager,No,Married,33,3,8,2,10,6,12,2,11878,0.0,1.0,0.5467
Manufacturing Director,No,Divorced,47,3,4,3,5,0,20,4,5070,0.0,0.0,0.3733
Laboratory Technician,No,Married,30,1,2,2,2,2,7,3,3833,0.0,0.0,0.3867
Research Scientist,Yes,Married,58,2,0,1,1,0,9,2,3346,0.0,0.0,0.3067
Laboratory Technician,No,Single,38,3,1,0,2,2,2,4,2288,0.0,0.0,0.18
Manufacturing Director,Yes,Married,52,4,2,1,5,3,24,3,13247,0.0,0.0,0.3267
Sales Executive,Yes,Divorced,44,3,3,1,4,3,9,1,5454,0.0,0.0,0.3067
Research Scientist,No,Married,59,2,0,1,1,0,7,4,2177,0.0,0.0,0.3733
Manufacturing Director,No,Divorced,42,3,2,1,5,3,11,3,5265,0.0,1.0,0.52
Sales Executive,No,Married,45,3,7,1,8,7,9,2,4805,0.0,1.0,0.5667
Research Scientist,No,Married,23,4,2,1,3,2,5,1,2819,0.0,0.0,0.4067
Sales Executive,No,Married,54,3,5,1,6,2,16,1,5940,0.0,1.0,0.58
Research Scientist,No,Married,41,4,8,0,10,6,10,3,3376,0.0,1.0,0.56
Healthcare Representative,Yes,Divorced,45,1,7,1,7,7,24,1,10851,0.0,0.0,0.3267
Sales Executive,No,Single,45,2,8,0,19,7,23,4,8865,0.0,0.0,0.4333
Sales Executive,No,Married,55,3,0,1,1,0,24,4,10239,0.0,0.0,0.4067
Manufacturing Director,No,Married,34,2,9,0,10,9,10,3,9547,0.0,1.0,0.52
Research Scientist,No,Married,57,4,8,1,12,9,13,3,4900,0.0,1.0,0.5467
Research Scientist,No,Married,33,2,1,0,3,2,7,2,2622,0.0,0.0,0.4333
Laboratory Technician,No,Divorced,32,3,2,1,3,0,4,4,2314,0.0,0.0,0.3267
Sales Executive,No,Single,27,3,7,0,7,7,7,3,9981,0.0,0.0,0.4333
Laboratory Technician,No,Divorced,36,1,7,1,7,7,7,3,2741,0.0,0.0,0.5
Healthcare Representative,No,Divorced,33,3,7,1,13,11,15,4,7725,0.0,1.0,0.5067
Research Scientist,No,Single,27,3,3,0,7,7,7,2,2279,0.0,0.0,0.4133
Manufacturing Director,No,Married,22,2,2,2,2,2,4,4,4775,0.0,0.0,0.34
Healthcare Representative,No,Married,42,2,4,3,6,5,7,4,4523,0.0,0.0,0.5
Research Scientist,No,Divorced,29,1,8,1,10,7,10,4,2720,0.0,1.0,0.5267
Laboratory Technician,No,Married,35,2,0,1,9,7,10,4,5363,0.0,1.0,0.5867
Sales Executive,No,Divorced,37,3,7,1,9,5,9,2,8834,0.0,1.0,0.52
Sales Executive,No,Married,31,4,7,1,8,7,10,4,6929,0.0,1.0,0.5667
Sales Representative,No,Single,29,3,0,0,1,0,1,3,2642,0.0,0.0,0.2467
Healthcare Representative,Yes,Married,35,2,3,1,4,0,10,1,9884,0.0,0.0,0.2867
Research Director,No,Married,43,1,7,1,8,7,25,4,19740,0.0,1.0,0.6
Research Scientist,No,Single,33,3,2,0,3,1,4,4,2500,0.0,0.0,0.28
Sales Executive,Yes,Divorced,37,2,0,3,1,0,8,4,6694,0.0,0.0,0.3
Research Scientist,No,Married,28,2,4,0,5,3,6,2,3201,0.0,1.0,0.6
Manufacturing Director,No,Divorced,27,3,7,2,9,7,9,1,8793,0.0,0.0,0.4533
Sales Executive,No,Divorced,37,2,0,2,1,0,9,3,6334,0.0,0.0,0.3733
Research Scientist,No,Married,27,2,2,1,4,2,4,3,2539,0.0,1.0,0.5267
Sales Representative,No,Divorced,37,3,8,1,9,8,13,4,2793,0.0,0.0,0.4667
Healthcare Representative,No,Single,31,2,8,0,10,9,10,1,6812,0.0,0.0,0.4267
Research Director,No,Single,48,2,0,0,1,0,25,4,18265,0.0,0.0,0.26
Manufacturing Director,No,Married,36,3,5,1,9,7,10,2,5228,0.0,1.0,0.5067
Manufacturing Director,No,Married,37,2,11,1,14,8,14,4,6474,0.0,1.0,0.5067
Sales Executive,No,Single,38,2,7,0,8,3,12,4,8686,0.0,0.0,0.48
Sales Executive,No,Divorced,32,3,3,1,5,2,8,4,4403,0.0,1.0,0.5267
Research Scientist,No,Single,28,3,7,0,8,7,10,3,3660,0.0,0.0,0.4133
Research Scientist,No,Single,43,4,2,0,3,2,18,3,4739,0.0,0.0,0.32
Research Scientist,Yes,Married,30,3,7,1,11,9,12,2,3579,0.0,0.0,0.32
Manager,No,Single,33,3,0,0,10,8,10,3,17444,0.0,0.0,0.4467
Manufacturing Director,No,Divorced,43,3,0,1,1,0,4,2,4765,0.0,0.0,0.3133
Research Director,Yes,Married,42,3,0,0,1,0,20,1,13191,0.0,0.0,0.28
Laboratory Technician,No,Married,37,3,3,1,5,4,17,1,3452,0.0,1.0,0.52
Sales Representative,No,Married,24,3,1,2,2,2,3,4,2400,0.0,0.0,0.2333
Research Scientist,Yes,Married,37,3,7,2,13,11,15,3,4449,0.0,0.0,0.32
Sales Executive,Yes,Married,37,3,0,1,3,0,17,3,9602,0.0,0.0,0.3333
Research Scientist,No,Divorced,40,3,13,1,20,7,20,2,5605,0.0,0.0,0.4867
Sales Executive,No,Single,34,3,6,0,10,8,10,1,6125,0.0,0.0,0.4333
Sales Representative,No,Single,18,2,0,0,0,0,0,3,1200,0.0,0.0,0.2133
Manager,No,Single,41,3,4,0,22,10,22,2,16015,0.0,0.0,0.4067
Sales Executive,No,Married,44,3,0,1,1,0,11,3,4768,0.0,0.0,0.4067
Sales Executive,No,Married,42,3,2,1,9,7,10,2,6825,0.0,1.0,0.5933
Healthcare Representative,No,Single,51,3,0,0,7,7,21,2,13734,0.0,1.0,0.5267
Manager,No,Divorced,31,2,1,1,5,4,10,4,11557,0.0,0.0,0.4867
Manufacturing Director,No,Married,31,3,3,1,4,3,4,1,4148,0.0,1.0,0.54
Research Scientist,No,Married,36,3,2,1,2,2,6,3,2543,0.0,0.0,0.3867
Laboratory Technician,No,Divorced,28,3,2,1,4,2,4,3,2207,0.0,0.0,0.4533
Manufacturing Director,No,Married,30,3,2,1,6,2,7,1,9957,0.0,1.0,0.54
Sales Representative,No,Married,35,3,2,0,2,2,2,4,2014,0.0,0.0,0.2
Manufacturing Director,No,Single,59,3,4,0,9,7,25,4,10512,0.0,0.0,0.4
Healthcare Representative,No,Married,39,3,5,1,6,4,13,3,10920,0.0,1.0,0.5667
Sales Executive,No,Single,29,3,9,0,10,7,10,4,4554,0.0,0.0,0.4333
Research Scientist,No,Single,36,3,7,0,8,0,10,2,4485,0.0,0.0,0.3333
Research Scientist,No,Divorced,30,3,2,1,3,2,8,1,3204,0.0,0.0,0.3667
Research Director,Yes,Divorced,27,2,8,1,9,8,9,4,12808,0.0,0.0,0.3333
Healthcare Representative,No,Married,43,3,0,1,1,0,10,1,9985,0.0,0.0,0.4
Research Director,Yes,Divorced,38,2,9,1,11,10,12,4,11510,0.0,0.0,0.3333
Sales Representative,No,Married,31,4,2,1,2,2,3,4,2791,0.0,0.0,0.22
Sales Executive,No,Divorced,30,3,7,1,8,7,10,4,5304,0.0,1.0,0.52
Sales Executive,Yes,Married,44,4,11,1,12,11,23,4,13320,0.0,0.0,0.36
Laboratory Technician,No,Married,23,3,2,1,4,3,5,1,2500,0.0,1.0,0.5733
Research Scientist,Yes,Married,31,3,2,1,6,4,8,4,2356,0.0,0.0,0.3333
Laboratory Technician,No,Single,53,3,2,0,2,2,19,4,2450,0.0,0.0,0.3
Research Scientist,No,Married,49,3,2,1,4,2,7,1,3580,0.0,1.0,0.5267
Research Scientist,Yes,Divorced,46,2,7,3,16,13,19,1,4615,0.0,0.0,0.2667
Research Scientist,Yes,Married,31,3,2,1,4,2,7,4,3929,0.0,0.0,0.28
Research Director,Yes,Married,58,3,5,1,9,8,32,1,19701,0.0,0.0,0.3467
Sales Executive,No,Single,34,3,7,0,9,5,10,3,4568,0.0,0.0,0.4333
Research Scientist,No,Married,35,3,2,1,3,2,5,1,2194,0.0,0.0,0.4067
Research Scientist,Yes,Divorced,32,4,5,2,6,2,7,2,3298,0.0,0.0,0.3067
Laboratory Technician,No,Single,35,1,3,0,5,4,6,3,4230,0.0,0.0,0.4267
Research Scientist,Yes,Single,19,4,1,0,1,0,1,4,2994,0.0,0.0,0.2067
Sales Executive,No,Single,28,3,3,0,5,4,6,1,8463,0.0,0.0,0.4267
Healthcare Representative,No,Married,43,3,2,1,5,2,12,4,5562,0.0,1.0,0.6
Healthcare Representative,No,Divorced,37,2,3,2,6,2,9,4,5731,0.0,1.0,0.5133
Manufacturing Director,No,Married,38,3,0,0,1,0,14,3,6553,0.0,0.0,0.3267
Human Resources,Yes,Married,30,3,7,0,11,9,12,4,6347,0.0,0.0,0.3333
Sales Representative,Yes,Married,53,3,5,1,7,7,13,3,2306,0.0,0.0,0.3133
Sales Executive,No,Married,42,3,6,0,20,16,20,3,4907,0.0,1.0,0.58
Research Scientist,No,Divorced,30,3,0,1,1,0,1,3,2083,0.0,0.0,0.22
Research Director,No,Single,53,4,8,0,9,8,35,2,16598,0.0,0.0,0.4333
Sales Representative,No,Divorced,29,3,2,2,2,2,2,2,2297,0.0,0.0,0.1867
Research Scientist,No,Single,34,2,3,0,5,2,6,4,2553,0.0,0.0,0.4
Human Resources,No,Divorced,28,2,4,1,5,1,6,4,4936,0.0,0.0,0.48
Manager,Yes,Married,43,3,9,1,17,13,22,4,16064,0.0,0.0,0.3333
Sales Executive,No,Married,37,3,1,1,5,4,7,4,6502,0.0,1.0,0.5733
Human Resources,No,Single,44,2,2,0,2,2,10,3,5985,0.0,0.0,0.3333
Research Scientist,No,Divorced,34,2,0,3,5,4,5,3,2029,0.0,0.0,0.4933
Sales Executive,No,Single,28,3,7,0,7,5,7,4,5253,0.0,0.0,0.4333
Sales Executive,No,Married,40,3,5,1,7,7,8,1,8396,0.0,1.0,0.5667
Sales Executive,No,Married,34,3,2,1,3,2,6,1,6500,0.0,0.0,0.4267
Healthcare Representative,No,Single,44,3,3,0,5,2,10,2,5933,0.0,0.0,0.4267
Research Scientist,No,Single,25,4,1,0,4,3,6,1,3424,0.0,0.0,0.4867
Manager,No,Married,60,3,10,0,29,8,33,1,19566,0.0,1.0,0.5667
Sales Executive,No,Married,32,3,3,1,4,3,7,4,9204,0.0,1.0,0.58
Research Scientist,No,Single,36,3,1,0,6,2,8,4,4678,0.0,0.0,0.44
Laboratory Technician,No,Single,32,3,7,0,8,7,10,3,4025,0.0,0.0,0.4
Manager,No,Married,42,3,9,1,20,7,21,1,16799,0.0,1.0,0.5533
Laboratory Technician,No,Married,24,3,2,1,5,3,6,3,2774,0.0,1.0,0.6
Healthcare Representative,Yes,Married,35,3,7,1,10,6,10,4,4014,0.0,0.0,0.3267
Sales Executive,No,Married,48,4,2,0,2,2,12,2,8120,0.0,0.0,0.4133
Research Director,No,Divorced,50,3,3,1,5,4,32,4,17399,0.0,0.0,0.5
Research Director,No,Married,54,3,9,0,10,9,36,4,17779,0.0,1.0,0.5733
Sales Representative,No,Married,30,3,0,1,1,0,1,2,2476,0.0,0.0,0.2733
Laboratory Technician,No,Single,44,2,3,0,5,2,7,3,3162,0.0,0.0,0.4
Research Director,Yes,Divorced,50,2,8,1,27,3,29,3,18740,0.0,0.0,0.36
Research Scientist,No,Married,32,3,9,2,10,4,10,2,6220,0.0,1.0,0.54
Manager,No,Divorced,44,4,13,2,25,9,26,1,19190,0.0,0.0,0.48
Manager,No,Married,53,2,7,0,25,8,31,4,15427,0.0,1.0,0.5667
Manager,No,Single,55,3,7,0,10,9,37,2,16835,0.0,0.0,0.4067
Sales Executive,Yes,Single,38,3,3,0,5,3,6,4,5666,0.0,0.0,0.3867
Manufacturing Director,No,Single,36,2,8,0,14,8,15,4,8858,0.0,0.0,0.4
Healthcare Representative,Yes,Divorced,57,4,4,1,5,3,12,4,9439,0.0,0.0,0.3133
Laboratory Technician,No,Single,36,2,8,0,10,4,10,4,5810,0.0,0.0,0.4
Laboratory Technician,No,Single,35,2,2,0,3,2,9,4,3681,0.0,0.0,0.32
Sales Executive,Yes,Divorced,27,4,4,2,6,5,6,4,4647,0.0,0.0,0.34
Manager,No,Married,45,2,8,1,20,8,22,4,16792,0.0,1.0,0.5533
Sales Executive,No,Married,27,3,1,1,4,2,5,4,4342,0.0,1.0,0.5533
Manager,No,Married,41,3,8,1,18,16,22,1,16595,0.0,1.0,0.5533
Laboratory Technician,No,Single,30,3,7,0,11,7,12,4,2564,0.0,0.0,0.4
Sales Representative,No,Divorced,32,3,0,3,1,0,1,1,2827,0.0,0.0,0.34
Research Director,No,Single,55,4,15,0,24,15,36,2,18722,0.0,0.0,0.4333
Manufacturing Director,No,Divorced,54,3,4,1,5,4,33,3,10502,0.0,0.0,0.4533
Research Scientist,Yes,Married,32,3,5,1,6,4,6,4,6322,0.0,0.0,0.32
Sales Representative,No,Single,33,2,2,0,2,2,3,4,2342,0.0,0.0,0.2
Research Scientist,No,Divorced,27,3,2,1,2,2,6,2,2024,0.0,0.0,0.3467
Research Scientist,Yes,Single,33,2,2,0,3,2,6,1,2799,0.0,0.0,0.2867
Healthcare Representative,No,Divorced,37,2,0,1,1,0,17,4,5163,0.0,0.0,0.3667
Manufacturing Director,Yes,Married,56,3,9,1,19,16,33,2,13402,0.0,0.0,0.2933
Laboratory Technician,Yes,Single,29,2,8,0,9,5,10,3,4193,0.0,0.0,0.3333
Research Director,No,Married,38,2,1,1,10,8,19,2,12061,0.0,1.0,0.5733
Healthcare Representative,No,Single,42,2,0,0,1,0,14,4,6781,0.0,0.0,0.3067
Manufacturing Director,No,Married,54,3,8,1,10,7,22,3,10739,0.0,1.0,0.5067
Research Scientist,No,Married,29,3,4,1,5,4,6,2,2703,0.0,1.0,0.54
Sales Executive,No,Single,26,2,7,0,7,7,7,1,4294,0.0,0.0,0.4333
Sales Executive,Yes,Single,37,3,9,0,10,0,10,2,7642,0.0,0.0,0.3533
Laboratory Technician,No,Divorced,31,3,7,1,7,7,10,4,5915,0.0,0.0,0.4667
Research Director,No,Married,43,3,0,1,4,1,22,1,17159,0.0,1.0,0.52
Research Director,No,Married,29,2,7,0,10,2,10,3,11935,0.0,1.0,0.5933
Sales Executive,No,Divorced,30,3,7,1,8,4,10,3,7264,0.0,1.0,0.52
Healthcare Representative,No,Married,40,2,11,1,22,3,22,2,13503,0.0,1.0,0.62
Sales Executive,No,Married,56,4,7,3,7,7,36,1,13212,0.0,0.0,0.5
Sales Executive,No,Married,25,4,2,0,3,2,6,3,6232,0.0,0.0,0.4267
Human Resources,No,Married,42,4,3,1,4,3,10,1,6272,0.0,1.0,0.5867
Sales Executive,No,Single,32,3,7,0,9,8,9,4,8998,0.0,0.0,0.4333
Laboratory Technician,No,Married,32,3,7,2,10,8,10,4,5309,0.0,1.0,0.52
Laboratory Technician,Yes,Married,55,3,8,1,10,7,12,4,5415,0.0,0.0,0.3
Laboratory Technician,No,Married,27,1,2,3,3,2,3,3,4621,0.0,0.0,0.28
Research Scientist,No,Married,38,3,2,1,2,2,8,3,2821,0.0,0.0,0.3867
Sales Representative,No,Married,37,3,0,1,5,4,10,4,2973,0.0,1.0,0.5867
Healthcare Representative,Yes,Married,26,3,3,1,5,3,5,1,4741,0.0,0.0,0.3467
Manager,No,Married,45,4,7,1,24,0,25,4,19202,0.0,1.0,0.5067
Sales Executive,Yes,Married,26,2,0,1,2,2,5,4,4157,0.0,0.0,0.3267
Sales Executive,Yes,Divorced,41,3,7,1,9,7,12,3,8189,0.0,0.0,0.3333
Research Scientist,No,Single,19,3,0,0,1,1,1,1,2552,0.0,0.0,0.2267
Sales Executive,No,Married,40,2,11,1,12,11,15,4,10855,0.0,1.0,0.5667
Laboratory Technician,No,Divorced,43,2,0,1,9,7,9,3,5257,0.0,1.0,0.5267
Laboratory Technician,No,Married,35,2,0,2,1,0,1,3,1281,0.0,0.0,0.24
Manager,No,Married,52,2,16,0,34,6,34,1,16856,0.0,1.0,0.5667
Manufacturing Director,No,Married,49,3,11,0,15,11,16,1,6567,0.0,1.0,0.52
Laboratory Technician,No,Single,37,4,3,0,6,5,7,3,3500,0.0,0.0,0.4067
Laboratory Technician,No,Married,43,3,2,1,3,2,8,4,2258,0.0,0.0,0.3867
Sales Representative,No,Divorced,23,3,0,1,0,0,3,1,2322,0.0,0.0,0.2
Manager,Yes,Divorced,55,3,2,3,5,0,21,3,14756,0.0,0.0,0.2867
Research Director,No,Single,53,3,8,0,12,9,33,4,14275,0.0,0.0,0.4333
Healthcare Representative,No,Single,34,2,9,0,13,9,14,1,5343,0.0,0.0,0.4267
Healthcare Representative,No,Single,34,3,4,0,6,2,7,4,7756,0.0,0.0,0.4333
Manufacturing Director,No,Single,30,2,8,0,11,8,12,3,8474,0.0,0.0,0.4
Research Scientist,No,Single,32,3,4,0,5,4,8,3,3038,0.0,0.0,0.4067
Laboratory Technician,No,Single,36,3,7,0,13,11,16,2,5914,0.0,0.0,0.4
Sales Executive,No,Married,40,3,0,3,0,0,5,2,4327,0.0,0.0,0.3467
Laboratory Technician,No,Married,36,3,8,1,9,8,11,2,5674,0.0,1.0,0.5267
Research Scientist,No,Single,21,3,0,0,0,0,0,4,1232,0.0,0.0,0.12
Sales Representative,Yes,Divorced,34,3,6,2,8,2,8,3,2579,0.0,0.0,0.2933
Research Scientist,No,Single,34,3,10,0,16,13,16,3,4809,0.0,0.0,0.4133
Human Resources,No,Married,39,2,4,2,5,4,13,4,5204,0.0,1.0,0.54
Research Scientist,No,Married,45,3,8,2,10,9,12,4,3697,0.0,1.0,0.54
Sales Executive,Yes,Single,38,3,0,0,1,0,19,4,6861,0.0,0.0,0.28
Research Director,No,Divorced,31,3,2,1,2,2,9,3,13675,0.0,0.0,0.3667
Laboratory Technician,Yes,Married,26,3,2,1,3,2,3,4,2659,0.0,0.0,0.12
Laboratory Technician,No,Married,30,2,7,1,9,2,10,4,4627,0.0,1.0,0.54
Healthcare Representative,No,Divorced,34,3,6,1,9,7,10,4,8500,0.0,1.0,0.5067
Research Scientist,Yes,Married,35,3,2,0,3,2,4,3,3506,0.0,0.0,0.24
Laboratory Technician,No,Divorced,27,3,0,1,1,0,1,1,2341,0.0,0.0,0.22
Research Scientist,Yes,Married,31,3,3,1,5,2,6,4,4821,0.0,0.0,0.32
Laboratory Technician,No,Married,39,3,7,1,8,3,8,3,3755,0.0,1.0,0.58
Research Scientist,No,Married,29,4,7,1,10,7,10,3,2700,0.0,1.0,0.5467
Research Scientist,No,Married,26,2,3,0,5,4,5,2,2368,0.0,1.0,0.5533
Sales Executive,No,Married,48,3,7,1,9,7,14,4,4051,0.0,1.0,0.5667
Research Scientist,Yes,Single,38,3,2,0,3,2,19,3,4317,0.0,0.0,0.2867
Manufacturing Director,Yes,Married,50,3,5,1,12,11,22,3,13973,0.0,0.0,0.2933
Sales Executive,No,Single,37,3,3,0,5,3,12,4,7428,0.0,0.0,0.4733
Human Resources,No,Single,31,4,2,0,3,2,8,2,2109,0.0,0.0,0.34
Laboratory Technician,No,Divorced,34,3,10,2,11,8,15,2,4444,0.0,0.0,0.46
Healthcare Representative,No,Single,34,3,3,0,5,1,10,3,6142,0.0,0.0,0.3867
Healthcare Representative,No,Single,39,3,8,0,19,6,20,3,10938,0.0,0.0,0.4267
Research Scientist,Yes,Married,37,3,2,3,4,2,4,4,2326,0.0,0.0,0.2533
Manager,Yes,Single,55,3,13,0,36,10,37,1,19045,0.0,0.0,0.32
Research Scientist,No,Single,37,4,0,0,1,0,4,4,4680,0.0,0.0,0.2733
Sales Executive,No,Married,35,3,9,0,11,9,15,3,4717,0.0,1.0,0.58
Healthcare Representative,Yes,Married,46,2,5,1,10,9,21,1,10673,0.0,0.0,0.3267
Laboratory Technician,No,Divorced,36,3,0,1,1,0,7,4,2835,0.0,0.0,0.3267
Laboratory Technician,No,Married,24,2,4,0,5,2,6,4,3162,0.0,1.0,0.5467
Research Director,Yes,Married,50,3,7,1,8,1,29,3,19237,0.0,0.0,0.3333
Laboratory Technician,No,Married,32,2,2,0,3,0,5,2,2332,0.0,0.0,0.34
Research Scientist,No,Single,34,2,3,0,6,5,6,1,4381,0.0,0.0,0.4133
Laboratory Technician,No,Single,26,4,7,0,7,7,8,1,3578,0.0,0.0,0.4
Sales Executive,No,Married,33,4,3,2,5,3,10,1,5376,0.0,1.0,0.6
Research Scientist,No,Married,38,3,2,1,2,1,3,3,2684,0.0,0.0,0.2133
Laboratory Technician,No,Single,37,3,2,0,3,2,8,3,3629,0.0,0.0,0.32
Healthcare Representative,Yes,Married,35,3,0,0,8,7,10,3,7632,0.0,0.0,0.4267
Laboratory Technician,No,Single,32,2,4,0,6,2,9,1,2176,0.0,0.0,0.4067
Manufacturing Director,Yes,Single,38,4,12,0,15,7,17,1,5980,0.0,0.0,0.28
Manager,Yes,Married,39,3,10,0,21,9,21,1,17068,0.0,0.0,0.34
Research Scientist,No,Married,33,3,10,1,14,10,15,4,2781,0.0,1.0,0.5467
Sales Executive,No,Single,59,2,5,0,6,1,13,4,5171,0.0,0.0,0.4133
Sales Executive,Yes,Married,36,3,11,1,18,14,18,4,6201,0.0,0.0,0.36
Research Director,Yes,Divorced,37,3,7,3,10,8,10,4,12185,0.0,0.0,0.32
Research Scientist,No,Single,28,3,2,0,5,3,5,4,3310,0.0,0.0,0.4733
Research Director,Yes,Divorced,49,2,9,1,31,9,31,3,19502,0.0,0.0,0.3333
Research Scientist,Yes,Married,34,2,3,1,6,5,6,4,3622,0.0,0.0,0.32
Sales Executive,No,Single,27,3,7,0,9,8,9,3,8726,0.0,0.0,0.4333
Healthcare Representative,No,Single,48,2,8,0,15,11,27,3,10999,0.0,0.0,0.4267
Laboratory Technician,No,Married,41,3,4,1,5,0,7,1,2238,0.0,0.0,0.48
Research Scientist,No,Married,36,3,7,0,11,10,12,2,3692,0.0,1.0,0.56
Healthcare Representative,No,Married,40,2,2,1,3,2,5,4,4876,0.0,0.0,0.42
Manufacturing Director,No,Single,31,3,8,0,11,7,11,4,4424,0.0,0.0,0.4
Sales Executive,No,Single,35,3,8,0,10,7,10,3,8789,0.0,0.0,0.4333
Manufacturing Director,No,Divorced,24,2,2,2,4,2,5,3,4377,0.0,0.0,0.4333
Research Scientist,No,Married,23,3,1,1,1,0,1,3,1223,0.0,0.0,0.2333
Healthcare Representative,No,Single,28,4,7,0,8,3,9,1,5661,0.0,0.0,0.48
Sales Executive,No,Single,60,3,2,0,2,2,10,1,5405,0.0,0.0,0.34
Manufacturing Director,Yes,Divorced,47,4,7,0,19,10,20,3,5067,0.0,0.0,0.2733
Manager,No,Divorced,41,2,6,3,21,6,23,4,19141,0.0,0.0,0.4533
Laboratory Technician,No,Single,24,3,2,0,4,3,6,2,3597,0.0,0.0,0.4667
Laboratory Technician,No,Divorced,29,2,3,3,4,3,8,4,2532,0.0,0.0,0.4467
Healthcare Representative,Yes,Married,55,3,7,2,8,7,17,2,6385,0.0,0.0,0.3267
Laboratory Technician,Yes,Married,30,2,0,2,10,8,10,4,5126,0.0,0.0,0.38
Sales Executive,No,Married,26,3,4,2,5,3,6,2,6272,0.0,1.0,0.6
Laboratory Technician,No,Divorced,37,3,17,1,18,7,18,1,3034,0.0,0.0,0.4667
Human Resources,No,Married,36,2,3,0,5,4,6,1,2342,0.0,1.0,0.56
Sales Executive,Yes,Single,36,3,1,0,5,4,15,2,9278,0.0,0.0,0.4067
Research Director,No,Married,38,3,11,1,15,12,15,1,13582,0.0,1.0,0.56
Research Scientist,No,Single,38,3,0,0,0,0,8,1,2619,0.0,0.0,0.24
Manager,No,Married,51,3,17,1,20,6,29,3,16307,0.0,1.0,0.5533
Research Scientist,Yes,Divorced,37,4,7,2,7,7,13,1,5974,0.0,0.0,0.3
Laboratory Technician,No,Divorced,45,3,2,2,5,3,8,4,2270,0.0,1.0,0.52
Research Scientist,Yes,Divorced,52,3,9,2,10,9,18,1,5577,0.0,0.0,0.3
Healthcare Representative,No,Single,49,2,0,0,5,2,26,3,10965,0.0,1.0,0.52
Manufacturing Director,No,Divorced,24,4,3,1,4,2,5,3,4011,0.0,0.0,0.4267
Research Scientist,No,Married,22,3,2,0,2,2,3,3,2773,0.0,0.0,0.2133
Manager,No,Divorced,42,3,9,1,24,7,24,4,18430,0.0,0.0,0.4867
Research Scientist,Yes,Married,33,3,0,0,8,7,8,3,2909,0.0,0.0,0.42
Manufacturing Director,No,Divorced,37,2,7,1,7,5,7,3,5993,0.0,0.0,0.46
Manager,Yes,Divorced,39,3,6,1,21,8,21,3,19197,0.0,0.0,0.2867
Sales Executive,No,Married,36,4,13,1,15,7,17,1,4639,0.0,1.0,0.5667
Healthcare Representative,No,Single,50,2,3,0,4,3,20,4,10496,0.0,0.0,0.48
Research Director,No,Married,33,3,7,0,13,9,14,3,11691,0.0,1.0,0.5733
Laboratory Technician,Yes,Divorced,43,3,7,1,8,7,10,3,5679,0.0,0.0,0.2733
Research Scientist,No,Married,30,3,9,2,10,8,11,4,5775,0.0,1.0,0.54
Manufacturing Director,No,Married,27,3,2,1,3,2,4,4,4227,0.0,0.0,0.3667
Manager,No,Married,42,3,7,1,22,6,23,1,17665,0.0,1.0,0.5533
Healthcare Representative,Yes,Divorced,29,3,0,2,6,0,6,4,6623,0.0,0.0,0.3267
Manufacturing Director,No,Married,37,3,8,1,10,7,10,3,9434,0.0,1.0,0.5067
Research Director,No,Divorced,40,3,9,1,21,7,22,3,19436,0.0,1.0,0.5067
Research Director,No,Single,40,2,9,0,20,7,21,3,19626,0.0,0.0,0.4333
Sales Executive,No,Married,30,3,4,1,10,9,12,4,9419,0.0,1.0,0.5667
Manufacturing Director,No,Married,31,1,4,1,5,4,6,3,4345,0.0,1.0,0.54
Manufacturing Director,Yes,Single,30,3,7,0,8,4,10,3,4695,0.0,0.0,0.28
Laboratory Technician,Yes,Married,59,4,0,3,1,0,12,1,2670,0.0,0.0,0.2667
Sales Executive,No,Married,28,2,4,1,5,3,5,1,4724,0.0,1.0,0.6067
Healthcare Representative,No,Married,36,3,7,0,7,7,10,3,7094,0.0,1.0,0.58
Sales Executive,No,Married,31,3,0,1,9,8,9,3,6932,0.0,1.0,0.6067
Sales Executive,No,Divorced,40,1,1,1,1,0,20,1,10932,0.0,0.0,0.36
Laboratory Technician,No,Married,27,3,2,1,2,2,4,2,2811,0.0,0.0,0.36
Research Director,Yes,Married,50,3,7,0,8,3,28,2,18172,0.0,0.0,0.3733
Healthcare Representative,No,Married,46,3,2,0,2,2,28,3,10527,0.0,0.0,0.4067
Research Director,No,Single,37,3,2,0,5,2,16,3,13664,0.0,0.0,0.4467
Sales Executive,No,Divorced,26,3,0,2,0,0,8,3,4306,0.0,0.0,0.32
Manager,No,Divorced,50,3,6,1,7,0,32,4,19517,0.0,0.0,0.4467
Laboratory Technician,No,Married,31,2,2,1,4,2,4,1,2218,0.0,1.0,0.5267
Research Scientist,No,Divorced,26,2,3,2,5,3,5,3,2007,0.0,1.0,0.52
Sales Executive,No,Married,33,3,3,2,4,3,5,1,4373,0.0,1.0,0.5733
Manager,Yes,Married,59,3,4,1,6,4,14,4,11904,0.0,0.0,0.3333
Healthcare Representative,Yes,Married,45,3,10,0,20,7,21,4,13496,0.0,0.0,0.3267
Healthcare Representative,Yes,Divorced,58,2,4,1,6,0,24,2,10552,0.0,0.0,0.28
Research Scientist,No,Married,28,3,2,1,5,2,5,4,2713,0.0,1.0,0.5667
Sales Executive,No,Married,30,2,4,1,10,3,10,3,6578,0.0,1.0,0.6133
Sales Executive,Yes,Single,46,3,8,0,9,6,14,4,5772,0.0,0.0,0.38
Research Scientist,No,Married,22,3,2,2,2,2,2,4,2323,0.0,0.0,0.16
Laboratory Technician,Yes,Divorced,22,4,0,2,1,0,1,4,2935,0.0,0.0,0.2333
Research Scientist,Yes,Married,36,2,0,1,1,1,6,1,3419,0.0,0.0,0.2933
Laboratory Technician,No,Single,43,3,7,0,8,7,9,4,2455,0.0,0.0,0.4
Sales Executive,No,Married,60,2,11,0,18,13,22,1,10266,0.0,1.0,0.58
Sales Executive,Yes,Single,34,3,2,0,3,2,4,1,4538,0.0,0.0,0.3533
Sales Executive,Yes,Divorced,38,2,7,2,8,7,9,3,8740,0.0,0.0,0.34
Sales Executive,Yes,Single,25,2,3,0,5,4,5,4,4487,0.0,0.0,0.3733
Healthcare Representative,No,Married,49,3,2,1,3,2,20,3,6651,0.0,0.0,0.42
Human Resources,No,Single,45,3,4,0,6,3,6,2,2177,0.0,0.0,0.4667
Research Director,No,Divorced,43,2,9,1,25,10,25,2,14336,0.0,1.0,0.5067
Research Director,No,Divorced,34,3,9,2,14,8,16,1,17007,0.0,0.0,0.5
Sales Representative,Yes,Married,34,3,0,1,1,1,1,3,2220,0.0,0.0,0.22
Research Scientist,No,Single,23,4,2,0,2,2,2,3,3505,0.0,0.0,0.1467
Research Scientist,Yes,Divorced,37,3,3,2,5,3,6,1,2782,0.0,0.0,0.32
Sales Representative,No,Married,35,3,2,1,3,2,3,4,2572,0.0,0.0,0.24
Research Scientist,No,Divorced,23,3,2,2,4,2,4,4,2904,0.0,0.0,0.44
Sales Executive,No,Single,25,3,4,0,6,5,6,4,6180,0.0,0.0,0.4333
Research Scientist,No,Divorced,43,4,2,3,5,4,7,4,2089,0.0,0.0,0.4533
Sales Executive,No,Single,25,3,1,0,4,3,5,4,4950,0.0,0.0,0.48
Manager,No,Married,52,3,4,0,5,2,31,4,16555,0.0,1.0,0.5733
Sales Executive,No,Married,36,2,12,1,13,9,16,4,9699,0.0,1.0,0.5667
Manufacturing Director,No,Married,26,4,3,0,8,7,8,4,5472,0.0,1.0,0.52
Research Scientist,No,Married,56,3,3,1,5,4,18,3,2942,0.0,1.0,0.54
Research Scientist,Yes,Divorced,34,3,0,1,5,3,5,3,3815,0.0,0.0,0.38
Sales Representative,No,Married,38,2,2,1,2,2,3,2,2899,0.0,0.0,0.22
Laboratory Technician,No,Married,36,3,11,1,15,13,16,4,3210,0.0,1.0,0.5267
Laboratory Technician,No,Married,26,2,3,2,5,3,6,1,3955,0.0,1.0,0.5667
Research Scientist,Yes,Married,27,3,1,1,5,2,6,2,3058,0.0,0.0,0.3867
Sales Executive,No,Married,43,2,2,1,2,2,7,4,6804,0.0,0.0,0.4133
Sales Executive,No,Single,36,2,9,0,10,7,10,1,7587,0.0,0.0,0.4333
Laboratory Technician,No,Married,40,3,3,1,4,2,7,2,2387,0.0,0.0,0.5
Laboratory Technician,No,Married,22,3,1,1,2,1,3,4,2523,0.0,0.0,0.2133
Laboratory Technician,No,Married,26,4,7,1,8,7,8,4,4420,0.0,1.0,0.5267
Manufacturing Director,Yes,Single,31,3,10,0,11,9,11,4,7143,0.0,0.0,0.28
Research Scientist,No,Married,28,3,4,1,5,2,5,4,2070,0.0,1.0,0.54
Research Scientist,Yes,Married,37,3,3,0,6,4,8,3,2996,0.0,0.0,0.32
Laboratory Technician,No,Single,42,1,0,0,1,0,16,4,4272,0.0,0.0,0.2933
Research Scientist,No,Single,44,1,0,0,0,0,6,3,2290,0.0,0.0,0.2467
Sales Representative,No,Married,28,3,0,0,1,0,1,2,1052,0.0,0.0,0.2733
Healthcare Representative,Yes,Married,31,3,1,0,6,5,6,1,6833,0.0,0.0,0.4
Research Scientist,No,Single,45,2,0,0,1,0,1,3,2274,0.0,0.0,0.1733
Laboratory Technician,No,Married,50,3,0,0,1,0,8,4,2380,0.0,0.0,0.36
Healthcare Representative,No,Single,51,2,8,0,13,12,23,1,7484,0.0,0.0,0.4267
Research Scientist,Yes,Married,42,4,0,0,1,0,18,2,2372,0.0,0.0,0.3
Sales Executive,No,Single,32,3,7,0,11,8,12,3,5010,0.0,0.0,0.4333
Sales Executive,No,Divorced,32,1,7,3,8,7,9,4,4668,0.0,1.0,0.52
Research Scientist,No,Single,32,3,0,0,1,0,1,1,2956,0.0,0.0,0.1733
Sales Executive,Yes,Divorced,33,4,8,2,9,8,10,3,8380,0.0,0.0,0.34
Sales Executive,Yes,Single,47,3,7,0,9,0,9,4,4163,0.0,0.0,0.3533
Sales Executive,No,Divorced,35,3,2,1,5,2,5,4,4968,0.0,1.0,0.54
Research Scientist,No,Single,29,3,2,0,3,2,6,4,2201,0.0,0.0,0.32
Sales Representative,No,Married,32,3,2,1,4,3,6,2,3931,0.0,1.0,0.5733
Laboratory Technician,No,Married,28,1,5,3,9,8,10,4,6674,0.0,1.0,0.5133
Manager,No,Divorced,35,4,2,1,7,7,10,2,11996,0.0,0.0,0.5
Manufacturing Director,No,Divorced,34,3,0,1,0,0,7,1,5121,0.0,0.0,0.2533
Manufacturing Director,Yes,Divorced,36,2,2,1,3,2,13,2,8847,0.0,0.0,0.2
Manager,No,Married,52,2,9,1,33,18,34,3,19999,0.0,1.0,0.5533
Laboratory Technician,No,Single,35,3,2,0,6,2,10,2,4425,0.0,0.0,0.42
Healthcare Representative,Yes,Married,44,3,3,0,4,2,9,4,6465,0.0,0.0,0.2733
Research Scientist,Yes,Single,40,2,3,0,4,2,5,4,2342,0.0,0.0,0.2933
Manager,No,Married,50,3,7,1,32,5,32,2,18200,0.0,1.0,0.5533
Manager,No,Married,50,3,2,1,2,2,32,1,17856,0.0,0.0,0.4
Healthcare Representative,No,Married,57,3,2,0,3,2,15,3,6755,0.0,0.0,0.4267
Manager,Yes,Married,30,3,8,2,9,1,9,1,11916,0.0,0.0,0.3667
Sales Executive,No,Divorced,31,4,7,2,7,7,13,4,5460,0.0,1.0,0.5133
Manager,Yes,Single,52,2,12,0,33,7,33,3,19068,0.0,0.0,0.32
Healthcare Representative,No,Single,33,2,4,0,5,0,6,4,6949,0.0,0.0,0.36
Sales Executive,No,Married,33,3,7,1,7,7,8,2,6146,0.0,1.0,0.5667
Laboratory Technician,No,Married,34,3,7,2,8,7,10,3,5429,0.0,1.0,0.52
Laboratory Technician,No,Married,51,3,3,2,4,2,10,4,2075,0.0,0.0,0.4933
Research Director,No,Divorced,50,3,6,2,10,4,28,2,19144,0.0,0.0,0.5
Manager,No,Married,46,2,8,1,11,4,26,2,18789,0.0,1.0,0.5533
Laboratory Technician,No,Married,22,1,1,1,4,3,4,1,2451,0.0,1.0,0.62
Sales Executive,No,Married,29,3,1,1,11,10,11,4,7918,0.0,1.0,0.58
Research Scientist,Yes,Divorced,22,4,2,1,4,2,4,2,2328,0.0,0.0,0.2467
Manager,No,Married,46,3,9,0,26,15,28,1,17048,0.0,1.0,0.5667
Human Resources,No,Single,29,2,9,0,10,9,10,1,7988,0.0,0.0,0.4133
Laboratory Technician,No,Single,38,3,9,0,10,3,10,4,2406,0.0,0.0,0.4533
Research Scientist,No,Divorced,41,3,8,1,9,8,13,3,2451,0.0,0.0,0.4867
Laboratory Technician,No,Divorced,40,3,7,2,8,7,11,3,3975,0.0,0.0,0.46
Sales Executive,Yes,Divorced,31,3,6,1,10,8,10,3,9852,0.0,0.0,0.3333
Sales Executive,No,Single,50,3,1,0,2,2,16,4,9208,0.0,0.0,0.36
Manager,Yes,Divorced,51,3,10,1,33,9,33,2,14026,0.0,0.0,0.2867
Manufacturing Director,No,Married,31,2,9,1,10,9,10,3,8943,0.0,1.0,0.5067
Laboratory Technician,No,Divorced,45,3,15,1,17,9,20,2,2348,0.0,0.0,0.4667
Research Scientist,No,Married,52,3,2,1,4,3,5,4,4258,0.0,1.0,0.5933
Sales Executive,No,Married,29,2,0,2,0,0,10,2,6644,0.0,0.0,0.34
Healthcare Representative,No,Married,44,2,17,1,22,6,24,4,10248,0.0,1.0,0.5667
Manufacturing Director,No,Single,36,2,3,0,6,5,6,2,6499,0.0,0.0,0.4067
Research Scientist,Yes,Single,31,2,2,0,2,2,3,2,2657,0.0,0.0,0.1933
Research Scientist,Yes,Single,21,2,2,0,2,2,2,2,2070,0.0,0.0,0.22
Sales Executive,No,Married,36,3,8,1,9,7,10,4,9738,0.0,1.0,0.5667
Manufacturing Director,No,Married,25,3,2,2,4,2,5,3,4898,0.0,0.0,0.4933
Manufacturing Director,No,Married,46,3,0,0,1,0,7,3,5258,0.0,0.0,0.3267
Laboratory Technician,No,Single,29,2,2,0,3,2,4,4,3983,0.0,0.0,0.32
Sales Executive,No,Married,26,3,7,1,8,7,8,3,5296,0.0,1.0,0.5667
Manager,No,Single,55,2,2,0,9,7,31,1,16756,0.0,0.0,0.4333
Laboratory Technician,No,Divorced,35,3,0,1,1,0,1,4,1951,0.0,0.0,0.22
Manufacturing Director,No,Married,32,3,3,1,8,7,8,1,6725,0.0,1.0,0.5067
Research Scientist,Yes,Single,35,3,1,0,9,6,9,3,4249,0.0,0.0,0.42
Laboratory Technician,Yes,Single,28,3,2,0,4,2,5,3,2154,0.0,0.0,0.3267
Manufacturing Director,No,Married,45,4,2,1,3,2,9,3,6434,0.0,0.0,0.3667
Manufacturing Director,No,Married,42,3,8,1,9,8,10,2,4434,0.0,1.0,0.5067
Sales Executive,No,Married,29,3,2,1,4,3,4,3,4649,0.0,1.0,0.6067
Research Scientist,Yes,Single,26,3,2,0,8,5,8,4,2875,0.0,0.0,0.34
Sales Executive,No,Single,59,3,9,0,21,16,28,1,7637,0.0,0.0,0.4333
Research Scientist,No,Divorced,31,3,3,1,5,2,5,3,2911,0.0,0.0,0.48
Manufacturing Director,Yes,Married,52,2,4,0,5,4,28,3,7969,0.0,0.0,0.2867
Healthcare Representative,No,Married,38,2,9,1,19,9,20,3,8823,0.0,1.0,0.5667
Laboratory Technician,No,Single,30,2,2,0,5,3,6,4,2720,0.0,0.0,0.4733
Research Scientist,No,Married,34,2,0,3,0,0,6,4,2979,0.0,0.0,0.3333
Research Scientist,No,Divorced,41,3,0,2,1,0,17,1,3072,0.0,0.0,0.34
Research Scientist,Yes,Single,42,3,2,0,2,1,8,4,2515,0.0,0.0,0.2467
Manager,No,Married,41,2,10,1,22,7,22,3,19189,0.0,1.0,0.5533
Sales Executive,No,Married,30,3,2,2,2,1,4,3,5301,0.0,0.0,0.4133
Laboratory Technician,No,Divorced,30,3,10,2,12,9,12,1,3072,0.0,0.0,0.46
Research Scientist,No,Single,27,3,0,0,1,1,1,3,2318,0.0,0.0,0.2267
Sales Executive,No,Divorced,38,3,13,2,16,10,17,3,10609,0.0,1.0,0.5133
Sales Executive,No,Divorced,36,3,7,2,7,7,12,4,5079,0.0,1.0,0.5133
Sales Executive,No,Married,39,2,9,1,15,11,17,3,5902,0.0,1.0,0.5667
Manufacturing Director,No,Divorced,46,3,8,1,10,7,19,3,4810,0.0,0.0,0.46
Sales Executive,Yes,Married,46,2,2,1,3,2,15,4,9071,0.0,0.0,0.28
Laboratory Technician,Yes,Single,41,3,17,0,18,13,20,1,4721,0.0,0.0,0.3333
Human Resources,No,Married,39,4,6,1,8,3,12,2,6389,0.0,1.0,0.6067
Research Director,No,Single,34,3,11,0,12,6,13,2,11994,0.0,0.0,0.4333
Sales Executive,Yes,Divorced,29,2,7,2,7,7,7,2,8268,0.0,0.0,0.34
Research Scientist,Yes,Married,37,4,7,1,8,7,8,1,3564,0.0,0.0,0.32
Laboratory Technician,No,Married,35,4,1,0,1,0,1,4,2269,0.0,0.0,0.2
Healthcare Representative,No,Divorced,46,3,3,1,4,2,17,1,9396,0.0,0.0,0.4667
Research Scientist,No,Divorced,30,2,3,1,5,4,10,4,3761,0.0,0.0,0.48
Research Scientist,No,Divorced,29,3,7,1,7,5,11,4,2514,0.0,0.0,0.4867
Laboratory Technician,Yes,Married,50,4,8,3,20,8,20,3,3221,0.0,0.0,0.26
Sales Executive,No,Married,34,3,3,0,6,5,6,3,5714,0.0,1.0,0.58
Healthcare Representative,No,Single,48,2,2,0,2,2,19,3,4240,0.0,0.0,0.32
Healthcare Representative,Yes,Divorced,43,3,2,0,5,2,8,3,4522,0.0,0.0,0.3
Sales Executive,No,Single,34,4,7,0,10,7,10,4,5337,0.0,0.0,0.4333
Sales Executive,Yes,Divorced,60,4,9,1,11,7,12,4,5220,0.0,0.0,0.3333
Laboratory Technician,No,Married,52,3,4,0,5,4,12,1,2950,0.0,1.0,0.5333
Research Scientist,No,Married,25,2,1,2,2,2,2,4,2889,0.0,0.0,0.1867
Manager,No,Single,46,3,1,0,2,2,22,1,18947,0.0,0.0,0.3333
Research Scientist,No,Divorced,29,3,2,3,3,2,3,4,3760,0.0,0.0,0.2333
Research Scientist,No,Married,45,3,2,2,2,2,8,4,2654,0.0,0.0,0.38
Sales Executive,No,Divorced,30,3,2,2,3,2,8,1,4779,0.0,0.0,0.4
Sales Executive,No,Married,33,3,1,1,10,7,10,3,4539,0.0,1.0,0.58
Human Resources,No,Married,33,3,4,1,5,4,5,3,3600,0.0,1.0,0.5467
Laboratory Technician,No,Single,42,3,8,0,12,9,12,4,3673,0.0,0.0,0.4
Sales Executive,No,Single,43,2,17,0,21,7,23,4,10231,0.0,0.0,0.4333
Manufacturing Director,No,Married,39,2,8,1,21,6,21,4,12742,0.0,1.0,0.5067
Laboratory Technician,No,Divorced,39,3,2,3,3,2,7,3,2232,0.0,0.0,0.3533
Sales Executive,Yes,Married,35,2,12,1,13,2,16,4,10377,0.0,0.0,0.3667
Sales Executive,No,Married,51,3,7,1,7,7,18,4,4936,0.0,1.0,0.5667
Healthcare Representative,No,Divorced,40,4,8,3,12,11,15,3,6377,0.0,0.0,0.46
Sales Executive,No,Married,32,4,8,2,10,7,10,4,6209,0.0,1.0,0.56
Research Scientist,No,Divorced,28,3,2,1,2,2,6,3,2377,0.0,0.0,0.3467
Manager,No,Married,40,3,12,0,20,15,21,3,18041,0.0,1.0,0.5667
Laboratory Technician,No,Divorced,45,3,11,1,24,9,24,1,5210,0.0,0.0,0.4667
Manager,Yes,Married,44,3,1,1,2,2,26,4,19513,0.0,0.0,0.2933
Research Director,Yes,Married,50,3,2,0,3,2,25,1,16880,0.0,0.0,0.28
Laboratory Technician,Yes,Married,45,3,8,1,9,8,9,1,3633,0.0,0.0,0.3
Sales Executive,No,Married,35,3,8,1,9,8,9,1,9069,0.0,1.0,0.5667
Manufacturing Director,No,Single,48,3,8,0,10,9,11,4,7898,0.0,0.0,0.4
Research Scientist,No,Divorced,40,3,7,2,9,8,9,4,3319,0.0,0.0,0.48
Human Resources,Yes,Divorced,42,3,0,1,3,2,4,3,2696,0.0,0.0,0.2933
Research Scientist,No,Single,21,2,0,0,3,2,3,3,3230,0.0,0.0,0.24
Research Scientist,Yes,Married,38,3,1,1,1,0,6,3,3057,0.0,0.0,0.3067
Laboratory Technician,Yes,Married,35,3,2,1,2,2,4,1,4014,0.0,0.0,0.22
Manager,No,Divorced,53,3,2,1,17,13,22,3,14852,0.0,0.0,0.5
Manufacturing Director,No,Single,35,3,2,0,2,2,10,4,9362,0.0,0.0,0.3
Laboratory Technician,No,Single,36,3,2,0,8,7,13,2,2088,0.0,0.0,0.4267
Healthcare Representative,No,Divorced,36,3,8,3,17,14,17,3,10096,0.0,0.0,0.46
Manufacturing Director,Yes,Single,59,2,3,0,5,3,30,4,13726,0.0,0.0,0.3
Sales Executive,No,Married,49,2,3,1,9,8,22,2,13120,0.0,1.0,0.5667
Laboratory Technician,No,Married,36,4,0,0,1,0,5,4,3038,0.0,0.0,0.36
Research Director,No,Married,53,4,3,0,5,1,32,3,14814,0.0,1.0,0.52
Sales Executive,No,Married,53,3,2,1,2,0,28,4,11836,0.0,0.0,0.4267
Manufacturing Director,No,Divorced,29,4,8,1,10,9,10,1,9980,0.0,0.0,0.46
Sales Executive,Yes,Single,31,3,5,0,6,5,10,4,6582,0.0,0.0,0.38
Human Resources,Yes,Divorced,33,3,3,1,4,3,7,2,2277,0.0,0.0,0.3
Laboratory Technician,No,Married,25,3,2,1,3,2,7,4,3229,0.0,0.0,0.3867
Healthcare Representative,No,Single,34,2,7,0,8,7,9,2,8621,0.0,0.0,0.4267
Research Director,Yes,Single,33,3,12,0,15,14,15,4,13458,0.0,0.0,0.3867
Manufacturing Director,Yes,Married,45,3,2,2,3,1,10,4,9380,0.0,0.0,0.2267
Research Scientist,Yes,Married,40,2,0,1,1,1,16,4,4422,0.0,0.0,0.2933
Research Scientist,No,Married,22,3,2,1,2,1,2,2,2244,0.0,0.0,0.18
Research Director,Yes,Divorced,43,2,0,1,1,0,21,4,16627,0.0,0.0,0.2333
Manager,No,Married,48,3,0,1,0,0,15,3,12504,0.0,0.0,0.3
Research Scientist,No,Single,18,3,0,0,0,0,0,4,1051,0.0,0.0,0.12
Manufacturing Director,No,Single,35,3,13,0,16,6,17,2,8095,0.0,0.0,0.4
Laboratory Technician,Yes,Married,28,2,2,1,2,2,2,4,3867,0.0,0.0,0.1
Manager,No,Married,48,2,2,1,3,2,21,1,15402,0.0,0.0,0.4133
Manager,No,Married,40,3,9,1,20,8,21,3,19033,0.0,1.0,0.5533
Sales Executive,Yes,Married,25,3,3,0,5,3,5,1,4194,0.0,0.0,0.3733
Manufacturing Director,No,Married,55,3,2,1,3,2,23,2,10976,0.0,0.0,0.3667
Manufacturing Director,No,Divorced,31,3,8,1,13,8,13,2,10648,0.0,0.0,0.46
Manufacturing Director,No,Divorced,36,3,1,2,3,2,7,2,4941,0.0,0.0,0.36
Sales Executive,No,Divorced,38,3,7,1,7,7,11,1,6893,0.0,1.0,0.52
Research Scientist,Yes,Divorced,56,3,2,1,2,2,19,1,4257,0.0,0.0,0.22
Sales Executive,No,Single,59,2,3,0,4,3,20,3,5473,0.0,0.0,0.4733
Research Scientist,Yes,Single,27,3,2,0,4,3,4,2,2478,0.0,0.0,0.3533
Sales Executive,No,Divorced,35,3,8,1,10,9,12,4,7823,0.0,1.0,0.52
Laboratory Technician,No,Divorced,34,3,0,2,1,0,1,2,2008,0.0,0.0,0.22
Research Scientist,Yes,Single,42,4,2,0,3,2,10,1,6545,0.0,0.0,0.2867
Research Scientist,No,Divorced,34,2,0,1,1,0,12,2,4505,0.0,0.0,0.34
Sales Executive,No,Married,41,4,7,1,10,7,10,1,8392,0.0,1.0,0.5667
Research Scientist,No,Married,32,4,3,1,5,3,9,3,5175,0.0,1.0,0.5867
Sales Executive,No,Married,50,3,13,1,18,7,19,3,6347,0.0,1.0,0.5667
Manufacturing Director,No,Single,36,3,9,0,11,9,18,4,7779,0.0,0.0,0.4
Manager,No,Married,44,3,10,1,22,9,26,2,18213,0.0,1.0,0.5533
Sales Executive,No,Married,25,4,2,1,3,2,4,2,4851,0.0,0.0,0.4267
Research Scientist,No,Single,33,3,2,0,3,2,5,4,3452,0.0,0.0,0.32
Research Scientist,Yes,Married,27,3,8,2,9,7,9,1,2235,0.0,0.0,0.32
Manufacturing Director,Yes,Married,29,2,2,1,10,7,10,4,5056,0.0,0.0,0.3067
Laboratory Technician,No,Married,50,2,2,1,3,2,5,3,3690,0.0,0.0,0.3867
Research Scientist,No,Single,25,3,1,0,2,2,2,2,2096,0.0,0.0,0.1733
Human Resources,No,Single,35,3,4,0,5,4,6,3,4323,0.0,0.0,0.4067
Manager,No,Divorced,57,2,0,1,1,0,32,4,14118,0.0,0.0,0.3067
Healthcare Representative,Yes,Divorced,58,1,2,1,5,3,12,3,5660,0.0,0.0,0.36
Manufacturing Director,No,Divorced,51,1,2,1,4,1,13,2,5482,0.0,0.0,0.4467
Research Director,No,Divorced,33,4,5,1,6,1,10,3,16184,0.0,0.0,0.48
Sales Executive,No,Single,38,3,0,0,1,0,10,2,7351,0.0,0.0,0.3067
Research Director,Yes,Divorced,37,3,2,2,5,2,15,4,13603,0.0,0.0,0.34
Research Scientist,No,Married,37,3,0,0,1,0,8,2,3022,0.0,0.0,0.36
Manufacturing Director,No,Single,39,3,7,0,8,7,9,3,4534,0.0,0.0,0.4
Laboratory Technician,No,Married,52,3,4,1,5,2,9,3,3149,0.0,1.0,0.5333
Healthcare Representative,No,Married,40,3,1,1,11,10,14,4,10322,0.0,1.0,0.5933
Sales Executive,No,Married,35,3,0,0,5,2,5,3,4601,0.0,1.0,0.64
Sales Representative,Yes,Single,47,2,2,0,3,2,3,4,3294,0.0,0.0,0.2
Manager,Yes,Single,54,4,4,0,5,3,23,4,17328,0.0,0.0,0.3333
Manufacturing Director,No,Married,29,3,9,1,10,7,10,3,4319,0.0,1.0,0.5067
Research Scientist,No,Single,28,3,2,0,3,2,5,1,2080,0.0,0.0,0.32
Laboratory Technician,No,Single,36,3,9,0,11,8,16,3,2519,0.0,0.0,0.4
Human Resources,No,Married,34,2,8,2,10,9,14,2,4490,0.0,1.0,0.5467
Manager,No,Married,39,2,3,1,21,9,21,4,19272,0.0,1.0,0.5533
Research Scientist,No,Married,44,4,7,1,10,5,10,4,2011,0.0,1.0,0.5467
Laboratory Technician,No,Married,49,3,7,1,26,9,29,2,7403,0.0,1.0,0.5267
Sales Executive,No,Divorced,30,3,3,3,4,3,8,1,4115,0.0,0.0,0.4867
Research Director,No,Divorced,40,2,8,1,9,8,16,2,13757,0.0,1.0,0.5067
Laboratory Technician,No,Single,44,1,4,0,5,2,9,3,3708,0.0,0.0,0.4267
Manufacturing Director,No,Married,52,2,0,0,9,8,31,4,13826,0.0,1.0,0.5933
Research Director,No,Single,54,3,7,0,20,7,29,4,17328,0.0,0.0,0.4333
Healthcare Representative,No,Divorced,35,3,0,1,1,0,16,1,5093,0.0,0.0,0.3667
Healthcare Representative,No,Married,29,3,1,1,8,7,11,3,4335,0.0,1.0,0.5933
Laboratory Technician,No,Single,22,3,0,0,0,0,1,4,2871,0.0,0.0,0.1267
Healthcare Representative,No,Married,38,3,0,1,1,0,18,3,9824,0.0,0.0,0.4
Sales Executive,No,Divorced,33,4,8,1,9,8,9,1,4037,0.0,1.0,0.52
Manufacturing Director,No,Married,31,3,12,1,13,10,13,1,4306,0.0,1.0,0.5067
Sales Executive,No,Married,29,3,2,1,6,0,6,3,5561,0.0,1.0,0.5667
Sales Representative,No,Married,29,3,2,1,3,1,3,4,2157,0.0,0.0,0.2467
Research Scientist,No,Single,54,3,3,0,4,3,20,3,4869,0.0,0.0,0.4533
Manufacturing Director,Yes,Divorced,54,3,4,2,5,3,9,1,5485,0.0,0.0,0.3
Research Scientist,No,Married,47,3,2,1,6,5,17,4,3420,0.0,1.0,0.5733
Healthcare Representative,No,Married,36,3,7,2,7,7,17,3,5237,0.0,1.0,0.56
Research Scientist,Yes,Married,41,4,3,0,4,2,7,3,2127,0.0,0.0,0.2667
Research Scientist,No,Single,32,4,7,0,7,7,10,4,5055,0.0,0.0,0.4133
Manager,No,Married,42,3,15,0,22,17,22,4,19232,0.0,1.0,0.5667
Sales Executive,No,Single,58,3,8,0,37,10,38,3,13872,0.0,0.0,0.4333
Manufacturing Director,No,Divorced,37,3,4,2,6,2,8,4,6347,0.0,0.0,0.4667
Manufacturing Director,Yes,Single,39,3,8,0,21,6,21,1,10880,0.0,0.0,0.28
Sales Executive,No,Divorced,31,3,7,3,7,7,13,4,7547,0.0,0.0,0.4667
Sales Executive,Yes,Divorced,45,3,3,1,5,4,9,1,5006,0.0,0.0,0.3267
Human Resources,No,Married,26,3,7,1,8,7,8,3,2942,0.0,1.0,0.5533
Sales Executive,No,Single,35,3,3,0,5,4,5,3,4859,0.0,0.0,0.4267
Laboratory Technician,No,Married,30,3,4,1,5,3,9,4,2097,0.0,1.0,0.5733
Manufacturing Director,No,Single,34,3,2,0,3,2,5,3,4033,0.0,0.0,0.3133
Sales Executive,No,Divorced,43,2,0,1,1,0,18,4,10798,0.0,0.0,0.3733
Healthcare Representative,No,Single,35,2,0,0,1,1,10,2,6540,0.0,0.0,0.3733
Sales Executive,Yes,Married,35,3,7,3,7,7,15,1,8966,0.0,0.0,0.32
Laboratory Technician,No,Single,54,3,0,0,1,0,19,3,3780,0.0,0.0,0.2867
Sales Representative,No,Single,20,4,2,0,2,1,2,4,2678,0.0,0.0,0.1733
Research Director,No,Divorced,41,3,11,1,18,16,21,3,19419,0.0,1.0,0.5067
Manager,No,Single,56,3,7,0,7,3,36,2,19717,0.0,0.0,0.4533
Sales Executive,Yes,Single,27,3,4,0,5,4,5,3,4478,0.0,0.0,0.3733
Research Scientist,No,Single,44,3,17,0,20,11,20,4,4541,0.0,0.0,0.4133
Research Scientist,No,Married,34,4,0,0,1,0,2,3,2585,0.0,0.0,0.18
Human Resources,No,Married,34,3,2,1,3,2,4,4,3737,0.0,0.0,0.42
Sales Executive,No,Married,34,3,2,1,3,2,6,3,6538,0.0,0.0,0.4267
Laboratory Technician,No,Single,18,3,0,0,0,0,0,4,1611,0.0,0.0,0.1533
Research Scientist,No,Married,33,2,2,1,2,2,2,4,2911,0.0,0.0,0.1667
Research Scientist,No,Single,34,4,3,0,4,2,10,4,3280,0.0,0.0,0.38
Manager,Yes,Single,55,3,2,0,5,4,30,4,16659,0.0,0.0,0.3467
Laboratory Technician,No,Married,25,3,2,3,3,2,7,4,3669,0.0,0.0,0.3667
Sales Executive,No,Married,30,3,8,0,9,8,10,1,8412,0.0,1.0,0.58
Laboratory Technician,No,Divorced,28,3,8,1,10,0,10,1,4558,0.0,0.0,0.4333
Manager,No,Married,42,3,0,0,1,0,21,3,18303,0.0,0.0,0.34
Laboratory Technician,Yes,Married,41,3,0,1,1,0,6,4,4766,0.0,0.0,0.2733
Sales Executive,No,Single,28,3,2,0,4,2,4,4,4908,0.0,0.0,0.42
Laboratory Technician,No,Divorced,35,3,2,1,3,2,3,4,3917,0.0,0.0,0.22
Research Scientist,No,Single,37,3,7,0,17,12,17,4,2115,0.0,0.0,0.4133
Laboratory Technician,No,Married,40,2,0,1,1,0,20,3,3448,0.0,0.0,0.36
Research Director,No,Divorced,41,1,10,2,21,16,21,3,19973,0.0,1.0,0.54
Sales Executive,Yes,Divorced,24,3,3,1,5,2,5,3,4260,0.0,0.0,0.3333
Laboratory Technician,No,Single,30,3,7,0,12,8,12,4,4011,0.0,0.0,0.4
Sales Executive,No,Married,36,2,0,2,10,9,10,3,7596,0.0,1.0,0.6
Manager,No,Divorced,53,3,7,1,7,7,26,3,18606,0.0,0.0,0.4867
Research Scientist,No,Single,26,2,1,0,4,3,5,4,3904,0.0,0.0,0.4867
Laboratory Technician,No,Married,27,3,2,1,2,2,6,2,3468,0.0,0.0,0.36
Sales Executive,Yes,Married,53,2,4,1,5,2,35,4,10934,0.0,0.0,0.36
Healthcare Representative,No,Single,52,3,0,0,8,6,18,2,10445,0.0,1.0,0.5267
Sales Executive,No,Divorced,29,3,2,1,3,2,10,4,6931,0.0,0.0,0.4067
Laboratory Technician,No,Divorced,42,3,2,1,5,2,8,1,2576,0.0,0.0,0.4867
Sales Representative,No,Single,30,3,2,0,3,2,4,2,2983,0.0,0.0,0.3333
Sales Executive,No,Married,35,3,9,2,11,9,12,2,8020,0.0,1.0,0.56
Manufacturing Director,Yes,Divorced,49,3,7,2,7,7,7,4,6804,0.0,0.0,0.28
Laboratory Technician,No,Single,32,3,6,0,7,7,8,4,3068,0.0,0.0,0.4
Research Scientist,No,Divorced,30,1,9,3,10,7,10,3,2613,0.0,0.0,0.5
Research Director,Yes,Married,53,3,3,3,5,3,21,3,17584,0.0,0.0,0.3333
Healthcare Representative,No,Married,31,2,8,1,9,0,10,4,5582,0.0,1.0,0.5267
Manufacturing Director,No,Married,27,2,0,1,2,2,6,1,4298,0.0,0.0,0.3933
Research Director,No,Married,46,3,1,0,3,2,26,3,17861,0.0,0.0,0.44
Sales Executive,No,Divorced,48,3,2,3,2,2,15,1,5486,0.0,0.0,0.38
Laboratory Technician,Yes,Married,44,4,2,1,3,2,10,4,2818,0.0,0.0,0.2267
Research Director,No,Single,31,3,0,0,3,2,9,2,16422,0.0,0.0,0.3733
Sales Executive,No,Married,33,3,2,0,5,4,8,4,9998,0.0,1.0,0.6
Sales Executive,Yes,Married,30,3,2,1,2,2,4,3,4736,0.0,0.0,0.28
Manufacturing Director,No,Married,37,3,3,1,6,5,8,2,6447,0.0,1.0,0.5067
Research Scientist,No,Single,29,3,5,0,6,5,6,4,2340,0.0,0.0,0.4133
Sales Executive,Yes,Single,51,3,0,0,10,7,11,4,5441,0.0,0.0,0.4267
Research Scientist,Yes,Married,45,3,2,1,3,2,7,3,4477,0.0,0.0,0.24
Healthcare Representative,No,Married,40,4,7,1,8,7,8,2,4244,0.0,1.0,0.5667
Research Scientist,No,Married,34,3,8,1,10,9,10,4,2691,0.0,1.0,0.5467
Research Scientist,No,Married,56,3,0,1,3,2,5,1,2066,0.0,0.0,0.44
Laboratory Technician,No,Single,33,3,0,0,1,1,7,4,2496,0.0,0.0,0.3467
Healthcare Representative,Yes,Divorced,55,2,0,1,33,9,34,2,13577,0.0,0.0,0.3667
Manager,No,Married,46,3,9,1,12,9,23,3,17465,0.0,1.0,0.5533
Sales Executive,Yes,Married,27,3,4,1,5,4,6,2,6349,0.0,0.0,0.3533
Manager,No,Single,45,3,0,0,0,0,22,2,18061,0.0,0.0,0.2333
Research Director,No,Divorced,55,4,0,2,7,7,31,4,14732,0.0,1.0,0.52
Sales Representative,No,Married,27,4,0,1,1,0,5,4,2534,0.0,0.0,0.4067
Sales Executive,Yes,Married,28,3,5,0,8,7,8,2,4779,0.0,0.0,0.36
Sales Executive,No,Single,42,2,3,0,5,4,10,3,6244,0.0,0.0,0.4267
Research Scientist,Yes,Married,29,1,3,1,5,4,6,4,2168,0.0,0.0,0.3467
Sales Executive,No,Single,47,3,7,0,7,7,20,1,4960,0.0,0.0,0.4333
Laboratory Technician,No,Married,32,2,2,1,2,2,2,2,2743,0.0,0.0,0.16
Healthcare Representative,No,Single,34,3,11,0,14,11,14,4,6687,0.0,0.0,0.4267
Manufacturing Director,No,Single,37,3,2,0,6,5,12,4,7491,0.0,0.0,0.4267
Sales Executive,No,Married,32,3,2,0,3,2,4,4,4465,0.0,0.0,0.4267
Sales Executive,No,Married,27,3,7,1,8,7,8,2,6214,0.0,1.0,0.5667
Laboratory Technician,Yes,Divorced,42,2,8,1,9,6,10,1,2593,0.0,0.0,0.2733
Sales Executive,No,Single,38,2,5,0,7,7,8,4,4028,0.0,0.0,0.4333
Healthcare Representative,Yes,Single,49,2,7,0,7,1,25,3,13964,0.0,0.0,0.28
Sales Executive,No,Divorced,34,4,9,1,15,1,16,4,9725,0.0,1.0,0.5133
Sales Executive,Yes,Married,40,2,12,1,18,13,20,1,10475,0.0,0.0,0.36
Laboratory Technician,Yes,Married,38,3,0,1,1,0,1,4,1702,0.0,0.0,0.2533
Research Scientist,No,Married,27,3,0,3,0,0,0,4,1706,0.0,0.0,0.1867
Sales Executive,No,Married,38,2,5,1,8,7,13,4,5249,0.0,1.0,0.5667
Research Director,No,Married,47,3,1,1,3,2,21,3,18300,0.0,0.0,0.4333
Manufacturing Director,No,Married,38,3,7,1,7,7,9,4,6261,0.0,1.0,0.5067
Research Scientist,No,Single,30,3,4,0,5,4,5,3,2632,0.0,0.0,0.4067
Research Scientist,Yes,Divorced,28,2,2,1,3,1,3,3,2703,0.0,0.0,0.1067
Research Scientist,No,Divorced,27,2,3,2,5,3,6,3,2187,0.0,1.0,0.52
Human Resources,No,Single,46,3,7,0,7,6,10,1,3423,0.0,0.0,0.4133
Manager,No,Married,55,1,11,1,19,9,23,3,19187,0.0,1.0,0.5933
Research Scientist,No,Divorced,26,3,2,2,3,2,3,4,2886,0.0,0.0,0.2067
Laboratory Technician,No,Married,35,2,2,1,2,2,2,4,2376,0.0,0.0,0.16
Healthcare Representative,No,Married,42,3,2,2,10,2,10,4,4089,0.0,1.0,0.6
Sales Executive,No,Divorced,40,2,3,1,5,1,7,2,6852,0.0,1.0,0.5067
Laboratory Technician,No,Single,19,3,0,0,1,0,1,2,1483,0.0,0.0,0.1933
Healthcare Representative,No,Divorced,49,3,7,2,8,7,29,2,10466,0.0,0.0,0.5
Research Scientist,No,Single,20,2,0,0,1,0,1,2,2836,0.0,0.0,0.1733
Sales Executive,No,Married,32,2,8,1,13,8,13,3,5484,0.0,1.0,0.5667
Sales Executive,No,Single,36,3,7,0,10,3,10,4,9980,0.0,0.0,0.48
Manager,Yes,Married,43,3,12,2,25,12,25,4,16959,0.0,0.0,0.3333
Laboratory Technician,No,Divorced,26,1,0,1,2,2,5,4,4364,0.0,0.0,0.4133
Laboratory Technician,No,Married,42,3,0,1,2,2,8,3,2093,0.0,0.0,0.4
Sales Executive,No,Single,34,1,12,0,13,9,15,1,4759,0.0,0.0,0.46
Laboratory Technician,Yes,Married,42,4,3,1,5,3,17,4,5231,0.0,0.0,0.32
Sales Executive,No,Married,33,3,2,1,3,2,4,2,4302,0.0,0.0,0.4267
Laboratory Technician,No,Divorced,30,3,0,1,1,0,1,3,2693,0.0,0.0,0.22
Laboratory Technician,No,Married,35,2,7,1,8,0,10,3,2258,0.0,0.0,0.4867
Sales Executive,No,Single,42,3,5,0,6,4,9,1,5155,0.0,0.0,0.4333
Research Scientist,Yes,Divorced,40,3,0,1,1,1,3,2,3617,0.0,0.0,0.1533
Sales Executive,No,Single,34,3,4,0,6,5,6,4,6274,0.0,0.0,0.4333
Manager,No,Married,50,2,7,1,27,10,28,3,17046,0.0,1.0,0.5533
Research Scientist,No,Single,45,3,3,0,6,5,9,4,3452,0.0,0.0,0.4133
Research Scientist,No,Married,37,2,2,1,3,1,17,1,3920,0.0,0.0,0.3867
Sales Executive,No,Single,33,2,1,0,7,7,9,4,4682,0.0,0.0,0.44
Manager,Yes,Married,47,3,0,1,26,14,26,4,16752,0.0,0.0,0.4133
Manufacturing Director,No,Married,27,3,7,0,9,7,9,1,7412,0.0,1.0,0.52
Manager,No,Divorced,50,3,7,1,31,6,31,1,17924,0.0,0.0,0.4867
Sales Executive,No,Married,36,2,2,2,3,2,11,1,5647,0.0,0.0,0.42
Research Scientist,No,Divorced,45,3,0,1,1,0,25,1,9724,0.0,0.0,0.34
Healthcare Representative,Yes,Married,33,4,2,1,6,5,6,2,5488,0.0,0.0,0.34
Manufacturing Director,No,Divorced,46,3,4,1,6,3,12,4,7379,0.0,1.0,0.5133
Human Resources,No,Married,54,3,1,1,9,7,16,2,10725,0.0,1.0,0.58
Sales Executive,Yes,Married,47,3,7,1,7,6,8,4,4537,0.0,0.0,0.36
Sales Executive,No,Divorced,33,3,2,0,5,0,6,3,7104,0.0,0.0,0.4867
Manufacturing Director,Yes,Married,35,2,15,1,17,14,17,3,10685,0.0,0.0,0.2933
Laboratory Technician,No,Single,39,3,3,0,5,4,9,2,6782,0.0,0.0,0.4
Healthcare Representative,No,Divorced,38,3,2,1,2,2,10,4,5745,0.0,0.0,0.36
Sales Executive,No,Married,54,2,0,1,9,4,13,3,10686,0.0,1.0,0.6067
Manufacturing Director,Yes,Single,37,3,1,0,1,0,18,2,4197,0.0,0.0,0.22
Laboratory Technician,No,Single,20,2,2,0,2,2,2,3,3033,0.0,0.0,0.1667
Laboratory Technician,No,Single,40,2,0,0,1,0,10,3,5094,0.0,0.0,0.2867
Manager,Yes,Divorced,51,3,10,1,29,10,31,2,19847,0.0,0.0,0.2867
Laboratory Technician,No,Married,34,2,2,1,5,4,7,2,3294,0.0,1.0,0.5467
Manufacturing Director,Yes,Married,42,3,8,1,10,9,10,1,7406,0.0,0.0,0.2933
Research Scientist,No,Divorced,30,3,0,2,1,0,1,3,1274,0.0,0.0,0.22
Manager,No,Single,50,3,4,0,5,4,21,2,19926,0.0,0.0,0.4
Research Scientist,No,Single,31,3,0,0,1,1,1,2,2501,0.0,0.0,0.2267
Research Scientist,Yes,Divorced,41,3,3,2,6,2,12,4,5467,0.0,0.0,0.3067
Manager,No,Divorced,41,2,7,1,7,6,21,1,17181,0.0,0.0,0.4867
Manager,No,Married,52,3,8,1,9,8,26,4,17099,0.0,1.0,0.5533
Research Scientist,No,Single,40,3,8,0,9,8,9,4,4661,0.0,0.0,0.4133
Research Director,Yes,Single,49,3,2,0,3,2,22,1,18665,0.0,0.0,0.34
Sales Executive,Yes,Married,27,2,4,0,6,2,6,4,5769,0.0,0.0,0.3667
Research Scientist,Yes,Single,38,3,2,0,3,2,6,4,3944,0.0,0.0,0.2867
Sales Executive,No,Married,51,3,2,0,4,2,14,2,10596,0.0,1.0,0.5667
Research Scientist,No,Divorced,40,3,2,1,3,1,8,3,2345,0.0,0.0,0.34
Laboratory Technician,No,Married,29,3,8,1,10,8,10,4,3131,0.0,1.0,0.5267
Sales Executive,No,Divorced,40,2,0,1,1,0,11,2,9705,0.0,0.0,0.3733
Manufacturing Director,No,Single,30,1,2,0,5,4,11,4,6091,0.0,0.0,0.4467
Manufacturing Director,No,Divorced,29,3,2,2,3,2,8,4,4262,0.0,0.0,0.34
Sales Executive,No,Married,35,3,6,2,10,8,10,2,7295,0.0,1.0,0.56
Manager,No,Married,45,3,1,1,9,3,26,4,17650,0.0,1.0,0.62
Manufacturing Director,No,Married,43,3,1,1,8,7,18,1,10820,0.0,1.0,0.5267
Research Director,No,Married,47,3,6,2,20,17,26,3,17169,0.0,1.0,0.5533
Manufacturing Director,No,Single,51,2,3,0,5,2,29,2,13142,0.0,0.0,0.4
Manufacturing Director,No,Divorced,46,3,7,1,8,7,13,3,10845,0.0,0.0,0.46
Research Director,No,Divorced,29,2,7,2,7,7,9,4,16124,0.0,0.0,0.5
Sales Executive,No,Divorced,46,3,7,3,24,13,24,1,10453,0.0,0.0,0.4667
Sales Executive,No,Divorced,40,3,3,2,5,4,8,2,5715,0.0,1.0,0.5067
Manufacturing Director,Yes,Married,42,2,2,1,4,3,8,4,6062,0.0,0.0,0.2933
Healthcare Representative,Yes,Single,41,2,7,0,8,7,10,3,6811,0.0,0.0,0.3333
Manager,Yes,Married,42,3,10,0,20,8,21,3,17861,0.0,0.0,0.34
Sales Representative,No,Married,25,3,6,0,7,4,7,3,2096,0.0,1.0,0.5333
Manufacturing Director,Yes,Single,41,2,2,0,5,4,8,2,6032,0.0,0.0,0.3
Manufacturing Director,Yes,Single,36,3,12,0,16,14,18,2,5410,0.0,0.0,0.28
Healthcare Representative,No,Divorced,38,2,2,1,4,3,13,1,6288,0.0,1.0,0.54
Research Scientist,No,Single,35,4,2,0,2,2,7,3,2506,0.0,0.0,0.3067
Sales Executive,No,Married,45,2,12,1,15,10,15,3,5593,0.0,1.0,0.5667
Sales Executive,Yes,Divorced,47,3,13,2,22,2,28,3,13770,0.0,0.0,0.3467
Manager,No,Divorced,56,3,2,1,5,2,28,1,19943,0.0,1.0,0.5067
Manager,No,Married,59,2,2,1,3,2,30,4,18844,0.0,0.0,0.4133
Manufacturing Director,Yes,Single,30,2,0,0,0,0,12,4,6877,0.0,0.0,0.2067
Laboratory Technician,No,Single,30,2,8,0,10,0,10,3,2206,0.0,0.0,0.34
Sales Representative,No,Single,21,3,2,0,3,2,3,4,2610,0.0,0.0,0.2133
Laboratory Technician,Yes,Married,40,4,7,1,7,7,10,3,2213,0.0,0.0,0.3
Healthcare Representative,No,Married,56,3,1,0,10,7,30,4,11103,0.0,1.0,0.6133
Research Director,No,Married,46,3,3,1,4,2,25,2,19081,0.0,1.0,0.54
Laboratory Technician,Yes,Married,40,3,7,1,7,2,15,4,2741,0.0,0.0,0.3067
Human Resources,Yes,Divorced,46,3,2,1,4,2,16,2,5021,0.0,0.0,0.2733
Sales Executive,No,Single,35,2,8,0,15,13,16,1,4312,0.0,0.0,0.4333
Research Director,No,Single,40,3,13,0,18,7,20,3,13499,0.0,0.0,0.4333
Research Director,No,Married,36,4,5,1,8,7,10,1,11713,0.0,1.0,0.56
Research Scientist,Yes,Single,43,2,8,0,20,7,20,3,4081,0.0,0.0,0.32
Sales Representative,No,Divorced,31,3,2,1,2,2,2,2,2789,0.0,0.0,0.1933
Human Resources,No,Married,36,3,4,1,5,2,8,2,2143,0.0,1.0,0.56
Manufacturing Director,Yes,Divorced,36,1,7,1,7,7,17,1,10252,0.0,0.0,0.3133
Sales Representative,No,Single,45,1,1,0,8,7,9,3,6632,0.0,0.0,0.48
Research Scientist,Yes,Divorced,27,2,1,1,1,1,1,3,2566,0.0,0.0,0.1667
Research Director,No,Single,51,3,15,0,20,18,23,3,19537,0.0,0.0,0.4333
Sales Executive,No,Married,53,2,12,1,15,7,30,2,7525,0.0,1.0,0.5667
Research Scientist,No,Single,35,2,1,0,6,5,6,1,2559,0.0,0.0,0.4467
Laboratory Technician,No,Married,27,3,4,0,5,0,6,1,2099,0.0,0.0,0.4533
Laboratory Technician,No,Divorced,27,3,4,1,5,2,5,2,3816,0.0,0.0,0.4733
Manufacturing Director,No,Married,34,2,9,1,11,9,13,1,5957,0.0,1.0,0.5067
Sales Executive,No,Married,24,3,2,1,3,2,4,3,4999,0.0,0.0,0.4267
Research Scientist,No,Divorced,38,4,3,3,4,2,4,3,2610,0.0,0.0,0.4
Sales Executive,No,Single,41,1,9,0,19,2,19,2,6151,0.0,0.0,0.4667
Manager,Yes,Married,46,1,7,1,7,7,28,2,16872,0.0,0.0,0.3667
Sales Executive,No,Single,30,3,4,0,5,4,6,3,6577,0.0,0.0,0.4267
Research Director,No,Divorced,46,3,2,2,2,2,23,4,19627,0.0,0.0,0.36
Healthcare Representative,No,Single,27,2,7,0,7,6,9,1,6811,0.0,0.0,0.4267
Research Scientist,Yes,Single,32,3,7,0,8,7,10,3,4998,0.0,0.0,0.32
Manager,Yes,Single,41,3,0,0,1,0,16,4,13591,0.0,0.0,0.26
Research Scientist,No,Divorced,34,3,3,2,4,3,10,1,2996,0.0,0.0,0.4933
Laboratory Technician,No,Married,36,4,0,2,1,0,4,4,3688,0.0,0.0,0.36
Sales Representative,No,Married,34,3,2,1,4,3,6,3,2231,0.0,1.0,0.5733
Laboratory Technician,No,Single,48,4,0,0,1,0,7,2,2559,0.0,0.0,0.2867
Manufacturing Director,No,Divorced,53,4,3,2,4,2,5,1,4450,0.0,0.0,0.42
Sales Executive,Yes,Married,39,2,4,2,5,4,8,4,6120,0.0,0.0,0.3533
Sales Executive,No,Divorced,31,3,9,1,13,7,13,4,10793,0.0,1.0,0.52
Sales Executive,No,Single,27,1,0,0,6,2,8,4,5071,0.0,1.0,0.54
Sales Executive,Yes,Divorced,45,3,2,1,5,4,18,1,10761,0.0,0.0,0.34
Laboratory Technician,No,Married,32,4,3,0,5,1,5,2,2794,0.0,0.0,0.48
Manufacturing Director,No,Single,56,1,2,0,6,4,37,4,7260,0.0,0.0,0.4533
Manufacturing Director,No,Married,51,2,0,0,1,0,10,3,6132,0.0,0.0,0.3267
Research Director,No,Married,50,3,3,0,4,3,30,3,17639,0.0,1.0,0.6
Manufacturing Director,No,Divorced,28,3,7,3,9,7,10,2,7655,0.0,0.0,0.4267
Manufacturing Director,No,Single,41,3,1,0,2,2,8,3,5003,0.0,0.0,0.3333
Laboratory Technician,No,Married,28,2,3,3,6,5,6,1,3196,0.0,0.0,0.46
Research Scientist,No,Single,27,2,1,0,4,2,5,4,2045,0.0,0.0,0.4133
Sales Representative,No,Single,47,3,0,0,0,0,5,3,2976,0.0,0.0,0.3
Laboratory Technician,No,Married,44,3,2,1,3,2,17,2,2042,0.0,0.0,0.3867
Research Scientist,No,Married,33,3,6,1,8,7,8,2,2756,0.0,1.0,0.5467
Manufacturing Director,No,Divorced,35,2,4,1,7,7,15,2,10274,0.0,0.0,0.46
Research Director,Yes,Married,45,3,0,0,0,0,17,1,13245,0.0,0.0,0.24
Healthcare Representative,Yes,Divorced,35,3,1,1,16,10,16,3,10388,0.0,0.0,0.3467
Manager,No,Single,34,2,8,0,11,10,14,1,11631,0.0,0.0,0.4067
Sales Executive,Yes,Married,24,3,3,2,5,4,5,3,4162,0.0,0.0,0.3533
Sales Executive,Yes,Married,32,3,2,3,3,2,4,2,4078,0.0,0.0,0.26
Research Scientist,No,Divorced,43,4,4,2,5,3,6,3,2645,0.0,1.0,0.52
Laboratory Technician,No,Divorced,34,3,2,1,2,2,3,4,2661,0.0,0.0,0.1933
Healthcare Representative,No,Single,37,3,1,0,4,3,8,2,4107,0.0,1.0,0.5133
Manufacturing Director,No,Married,32,2,8,1,14,13,14,3,6162,0.0,1.0,0.5067
Human Resources,No,Married,31,2,0,0,2,2,9,1,6410,0.0,0.0,0.4867
Healthcare Representative,No,Divorced,25,4,5,2,6,3,6,1,4000,0.0,1.0,0.5533
Sales Executive,Yes,Divorced,30,2,7,3,11,8,11,2,5209,0.0,0.0,0.3133
Manufacturing Director,No,Married,35,2,8,0,13,10,16,2,10903,0.0,1.0,0.52
Healthcare Representative,No,Divorced,33,2,2,1,3,2,9,4,7119,0.0,0.0,0.38
Sales Executive,No,Divorced,30,2,2,3,10,9,10,3,6118,0.0,0.0,0.48
Laboratory Technician,No,Divorced,24,2,0,3,1,0,1,2,2694,0.0,0.0,0.2933
Laboratory Technician,No,Married,45,3,8,0,9,7,9,2,4447,0.0,1.0,0.54
Sales Executive,No,Married,25,2,2,0,2,2,6,3,8639,0.0,0.0,0.4133
Research Scientist,No,Single,35,2,4,0,6,4,6,3,2859,0.0,0.0,0.4133
Research Scientist,No,Married,48,3,0,2,0,0,13,3,2259,0.0,0.0,0.3133
Manager,No,Divorced,53,3,8,1,14,13,26,3,19094,0.0,0.0,0.4867
Sales Representative,No,Married,31,2,2,0,7,7,13,3,2329,0.0,1.0,0.56
Research Scientist,No,Divorced,58,3,2,2,2,2,2,3,2372,0.0,0.0,0.1533
Sales Executive,No,Single,39,4,7,0,8,7,9,3,7880,0.0,0.0,0.4333
Research Director,No,Married,51,2,7,2,10,9,16,2,12490,0.0,1.0,0.5533
Sales Executive,No,Divorced,41,3,7,1,9,3,10,1,4103,0.0,1.0,0.5667
Research Scientist,No,Divorced,29,3,1,2,7,5,8,2,3291,0.0,0.0,0.5
Research Scientist,No,Married,49,2,7,1,10,7,10,2,5130,0.0,1.0,0.5467
Research Scientist,No,Married,51,3,0,0,1,0,1,4,2723,0.0,0.0,0.2333
Laboratory Technician,No,Married,24,2,0,1,1,0,1,2,2127,0.0,0.0,0.24
Laboratory Technician,No,Single,52,2,2,0,2,2,6,4,3212,0.0,0.0,0.3
Research Scientist,No,Single,35,1,8,0,17,11,17,4,6646,0.0,0.0,0.4467
Research Director,Yes,Married,30,4,7,3,8,7,9,1,11416,0.0,0.0,0.3133
Research Scientist,No,Single,34,3,2,0,3,2,9,2,2311,0.0,0.0,0.32
Laboratory Technician,No,Single,51,2,7,0,7,0,8,3,2838,0.0,0.0,0.34
Sales Executive,Yes,Divorced,38,4,7,1,8,0,8,1,5605,0.0,0.0,0.3333
Research Scientist,Yes,Married,44,3,1,0,8,7,8,1,2559,0.0,0.0,0.4
Research Scientist,No,Divorced,42,3,2,1,5,4,19,3,4556,0.0,0.0,0.4933
Healthcare Representative,No,Single,38,4,8,0,9,7,10,4,7625,0.0,0.0,0.4267
Manufacturing Director,No,Married,34,3,3,0,5,2,5,2,4325,0.0,1.0,0.5267
Research Scientist,No,Divorced,27,3,3,3,5,3,5,3,2517,0.0,0.0,0.4867
Research Director,No,Married,54,3,3,1,4,3,16,3,13549,0.0,1.0,0.5867
Manager,No,Single,48,4,1,0,5,4,27,4,16885,0.0,0.0,0.4267
Research Scientist,No,Single,44,3,3,0,5,2,6,2,3420,0.0,0.0,0.4
Sales Executive,No,Single,53,3,10,0,14,7,18,1,8381,0.0,0.0,0.4333
Manufacturing Director,Yes,Single,38,3,0,0,1,0,10,3,7861,0.0,0.0,0.22
Research Scientist,No,Divorced,40,3,0,1,4,2,6,3,3544,0.0,0.0,0.4733
